Rank	Target sequence	Genomic location	Strand	GC content (%)	Self-complementarity	MM0	MM1	MM2	MM3	Efficiency
1	GCAGCGAAGTGAACTAGCGATGG	chr8:19682938	-	55	1	0	0	0	2	59.03
2	GCTTGACAGCGGTCTGCAGTTGG	chr8:19682873	-	60	0	0	0	0	3	49.58
3	ACTATCCTGTTCTGCAATCAGGG	chr8:19682818	+	40	0	0	0	0	3	49.21
4	CGGTCTCCAGGGTCATTTAAAGG	chr8:19683015	-	50	0	0	0	0	3	33.39
5	TCCTTCGTAAACCAAAGAGCAGG	chr8:19682963	+	45	0	0	0	1	2	57.75
6	GGATTTCATATATGGTCATGGGG	chr8:19682898	-	35	0	0	0	0	4	60.17
7	GACCTCAAACTTGGGCAGACGGG	chr8:19682759	-	55	0	0	0	0	4	51.08
8	AATGGCAAATCACGGTCTCCAGG	chr8:19683027	-	50	0	0	0	0	4	46.92
9	AGCCCGTCTGCCCAAGTTTGAGG	chr8:19682757	+	60	1	0	0	0	5	38.88
10	AACTCGTTCTACCTGCTCTTTGG	chr8:19682974	-	45	0	0	0	0	5	32.00
11	AACTAGCGATGGATAAGTACAGG	chr8:19682927	-	40	0	0	0	0	6	53.10
12	GTTATCTGTGCTGGCCGGAAAGG	chr8:19682795	-	55	0	0	0	0	6	50.43
13	GTGATTTGCCATTGCCAGACAGG	chr8:19683037	+	50	0	0	0	0	6	46.54
14	ATAGTGTTATCTGTGCTGGCCGG	chr8:19682800	-	45	0	0	0	1	6	61.60
15	TGGGCAGACGGGCTTGTTCTGGG	chr8:19682748	-	60	2	0	0	0	8	38.28
16	GTCATGGGGTTGCTTGACAGCGG	chr8:19682884	-	55	0	0	0	1	7	73.93
17	ATGGCAAATCACGGTCTCCAGGG	chr8:19683026	-	50	0	0	0	1	7	64.71
18	AGCATCCCTTTAAATGACCCTGG	chr8:19683009	+	45	0	0	1	1	5	59.91
19	ATGGATAAGTACAGGTAATTGGG	chr8:19682919	-	30	0	0	0	1	7	28.54
20	TGTCTGGCAATGGCAAATCACGG	chr8:19683035	-	45	0	0	0	0	9	56.59
21	CTGTTCCCGTCCATCCTGTCTGG	chr8:19683051	-	60	2	0	0	0	9	43.89
22	CAGGATAGTGTTATCTGTGCTGG	chr8:19682804	-	45	0	0	0	1	8	48.41
23	GATGGATAAGTACAGGTAATTGG	chr8:19682920	-	35	0	0	0	1	8	28.06
24	AGACCTCAAACTTGGGCAGACGG	chr8:19682760	-	50	0	0	0	2	7	56.72
25	TGGGATTTCATATATGGTCATGG	chr8:19682900	-	35	0	0	0	0	10	48.97
26	GGTCTCCAGGGTCATTTAAAGGG	chr8:19683014	-	45	0	0	0	0	11	35.66
27	CACTATCCTGTTCTGCAATCAGG	chr8:19682817	+	45	0	0	0	2	8	33.32
28	ACCTGCTCTTTGGTTTACGAAGG	chr8:19682964	-	45	0	0	0	1	10	59.00
29	CAGGATGGACGGGAACAGATAGG	chr8:19683056	+	55	2	0	0	2	9	58.38
30	GTCTGCAGTTGGACCTGTGAGGG	chr8:19682862	-	55	0	0	0	0	12	54.37
31	GGGATTTCATATATGGTCATGGG	chr8:19682899	-	35	0	0	0	0	12	45.79
32	TTAAAACCAGACCTCAAACTTGG	chr8:19682768	-	35	0	0	0	1	12	46.33
33	GGTAATTGGGATTTCATATATGG	chr8:19682906	-	30	0	0	0	1	12	28.48
34	GGTCTGCAGTTGGACCTGTGAGG	chr8:19682863	-	60	0	0	0	0	14	59.96
35	CATTGCCAGACAGGATGGACGGG	chr8:19683046	+	55	0	0	1	0	12	58.13
36	GTCTGCCCAAGTTTGAGGTCTGG	chr8:19682762	+	55	0	0	0	1	14	46.32
37	CCATTGCCAGACAGGATGGACGG	chr8:19683045	+	55	1	0	0	0	16	59.23
38	CTGGTTTTAAGCAGCCTTTCCGG	chr8:19682781	+	45	2	0	0	3	12	24.15
39	TTGGGCAGACGGGCTTGTTCTGG	chr8:19682749	-	60	2	0	0	1	17	22.18
40	TAAAACCAGACCTCAAACTTGGG	chr8:19682767	-	35	0	0	0	2	17	48.29
41	TTTAAAGGGATGCTGTGTTCAGG	chr8:19683000	-	40	0	0	0	0	21	31.14
42	CCTGTTCTGCAATCAGGGCCAGG	chr8:19682823	+	60	1	0	0	1	22	50.50
43	TTTGCCATTGCCAGACAGGATGG	chr8:19683041	+	50	0	0	0	0	24	56.41
44	TTAAAGGGATGCTGTGTTCAGGG	chr8:19682999	-	40	0	0	0	2	21	46.30
45	GGCTGCTGACTGCAGTGTCCTGG	chr8:19682841	-	65	1	0	0	3	28	35.67
46	CTGCAGTCAGCAGCCCTCACAGG	chr8:19682849	+	65	2	0	0	1	34	53.02